<?xml version= "1.0" encoding= "UTF-8"?>
<resources>
    <!-- Shootingmode -->
    <local name="SHOOTING_MODE_FUN" back="FUN" front="FUN" enable="true" more="false" order="1"/>
    <local name="SHOOTING_MODE_LIVE_FOCUS" back="LIVE_FOCUS" front="SELFIE_FOCUS" enable="true" more="false" order="2"/>
    <local name="SHOOTING_MODE_PHOTO" back="PHOTO" front="PHOTO" enable="true" more="false" order="3"/>
    <local name="SHOOTING_MODE_VIDEO" back="VIDEO" front="VIDEO" enable="true" more="false" order="4"/>

    <local name="SHOOTING_MODE_PRO" back="PRO" enable="true" more="true" order="1"/>
    <local name="SHOOTING_MODE_PRO_VIDEO" back="PRO_VIDEO" front="PRO_VIDEO" enable="true" more="true" order="2"/>
    <local name="SHOOTING_MODE_NIGHT" back="NIGHT" front="NIGHT" enable="true" more="true" order="3"/>
    <local name="SHOOTING_MODE_FOOD" back="FOOD" enable="true" more="true" order="4"/>
    <local name="SHOOTING_MODE_PANORAMA" back="PANORAMA" enable="true" more="true" order="5" preview-size="1280x720" capture-size="4000x3000"/>
    <local name="SHOOTING_MODE_SLOW_MOTION" back="SLOW_MOTION" front="SLOW_MOTION" enable="true" more="true" order="6" preview-size="1280x720" capture-size="1920x1080"/>
    <local name="SHOOTING_MODE_SUPER_SLOW_MOTION" back="SUPER_SLOW_MOTION" enable="true" more="true" order="7" preview-size="1280x720" capture-size="1280x720"/>
    <local name="SHOOTING_MODE_HYPER_LAPSE" back="HYPER_LAPSE" front="HYPER_LAPSE" enable="true" more="true" order="8" preview-size="1280x720" capture-size="1920x1080"/>
    <local name="SHOOTING_MODE_SINGLE_TAKE_VIDEO" back="SINGLE_TAKE_VIDEO" front="SINGLE_TAKE_VIDEO" enable="true" more="true" order="9" preview-size="1440x1080"/>
    <local name="SHOOTING_MODE_MACRO" back="MACRO" enable="true" more="true" order="10"/>
    <local name="SHOOTING_MODE_DUAL_RECORDING_V2" back="DUAL_RECORDING_V2" front="DUAL_RECORDING_V2" enable="true" more="true" order="11" preview-size="1280x720"/>
    <local name="SHOOTING_MODE_QR" back="QR" enable="true" more="false" order="100" preview-size="2336x1080"/>

    <!-- Capture resolution - BACK -->
    <local name="BACK_CAMERA_PICTURE_DEFAULT_RESOLUTION" value="4000x3000" />
    <local name="BACK_CAMERA_RESOLUTION_4BY3_LARGE" value="4000x3000" />
    <local name="BACK_CAMERA_RESOLUTION_16BY9_LARGE" value="4000x2252" />
    <local name="BACK_CAMERA_RESOLUTION_1BY1_LARGE" value="2992x2992" />
    <local name="BACK_CAMERA_RESOLUTION_FULL_RATIO" value="4000x1800" />

    <!-- Back camera high resolution -->
    <local name="BACK_CAMERA_RESOLUTION_HIGH_RESOLUTION_FULL_RATIO" value="12000x5400"/>
    <local name="BACK_CAMERA_RESOLUTION_HIGH_RESOLUTION_16BY9" value="12000x6752"/>
    <local name="BACK_CAMERA_RESOLUTION_SUPER_RESOLUTION" value="12000x9000"/>
    <local name="BACK_CAMERA_RESOLUTION_HIGH_RESOLUTION_1BY1" value="8992x8992"/>

    <!-- Capture resolution - BACK ULTRA_WIDE -->
    <local name="BACK_WIDE_CAMERA_RESOLUTION_4BY3_LARGE" value="4000x3000" />
    <local name="BACK_WIDE_CAMERA_RESOLUTION_4BY3_MEDIUM" value="4000x3000" />
    <local name="BACK_WIDE_CAMERA_RESOLUTION_16BY9_LARGE" value="4000x2250" />
    <local name="BACK_WIDE_CAMERA_RESOLUTION_16BY9_MEDIUM" value="4000x2250" />
    <local name="BACK_WIDE_CAMERA_RESOLUTION_1BY1_LARGE" value="2992x2992" />
    <local name="BACK_WIDE_CAMERA_RESOLUTION_1BY1_MEDIUM" value="2992x2992" />
    <local name="BACK_WIDE_CAMERA_RESOLUTION_FULL_RATIO" value="4000x1800" />

    <!-- Capture resolution - BACK MACRO -->
    <local name="BACK_MACRO_CAMERA_RESOLUTION_4BY3" value="2576x1932" />
    <local name="BACK_MACRO_CAMERA_RESOLUTION_16BY9" value="2560x1440" />
    <local name="BACK_MACRO_CAMERA_RESOLUTION_1BY1" value="1920x1920" />
    <local name="BACK_MACRO_CAMERA_RESOLUTION_FULL_RATIO" value="2576x1160" />

    <!-- Capture resolution - FRONT -->
    <local name="FRONT_CAMERA_PICTURE_DEFAULT_RESOLUTION" value="4000x3000" />
    <local name="FRONT_CAMERA_RESOLUTION_4BY3_LARGE" value="4000x3000" />
    <local name="FRONT_CAMERA_RESOLUTION_16BY9_LARGE" value="4000x2250" />
    <local name="FRONT_CAMERA_RESOLUTION_1BY1_LARGE" value="2992x2992" />
    <local name="FRONT_CAMERA_RESOLUTION_FULL_RATIO" value="4000x1800" />

    <!-- Capture resolution - FRONT SENSOR CROP -->
    <local name="FRONT_CAMERA_SENSOR_CROP_RESOLUTION_4BY3_LARGE" value="3264x2448"/>
    <local name="FRONT_CAMERA_SENSOR_CROP_RESOLUTION_16BY9_LARGE" value="3264x1836"/>
    <local name="FRONT_CAMERA_SENSOR_CROP_RESOLUTION_1BY1_LARGE" value="2448x2448"/>
    <local name="FRONT_CAMERA_SENSOR_CROP_RESOLUTION_FULL_RATIO" value="3264x1472"/>

    <!-- Front camera high resolution -->
    <local name="FRONT_CAMERA_RESOLUTION_HIGH_RESOLUTION_FULL_RATIO" value="6528x2936"/>
    <local name="FRONT_CAMERA_RESOLUTION_HIGH_RESOLUTION_16BY9" value="6528x3672"/>
    <local name="FRONT_CAMERA_RESOLUTION_SUPER_RESOLUTION" value="6528x4896"/>
    <local name="FRONT_CAMERA_RESOLUTION_HIGH_RESOLUTION_1BY1" value="4896x4896"/>

    <!-- Recording resolution - BACK -->
    <local name="BACK_CAMERA_RECORDING_DEFAULT_RESOLUTION" value="1920x1080"/>
    <local name="BACK_CAMERA_RECORDING_MIN_RESOLUTION" value="1280x720"/>
    <local name="BACK_CAMCORDER_RESOLUTION_FEATURE_MAP_3840X2160" value="true" hdr="true" hdr10="false" snapshot-support="true" snapshot-size="4000x2252" vdis="true" super-vdis="true" effect="true" object-tracking="true" seamless-zoom-support="true" physical-zoom-supported="false" external-storage-support="true" supported-mode="video,pro_video"/>
    <local name="BACK_CAMCORDER_RESOLUTION_FEATURE_MAP_2560X1440" value="true" hdr="true" hdr10="false" snapshot-support="true" snapshot-size="4000x2252" vdis="true" super-vdis="true" effect="true" object-tracking="true" seamless-zoom-support="true" physical-zoom-supported="false" external-storage-support="true" supported-mode="video,pro_video"/>
    <local name="BACK_CAMCORDER_RESOLUTION_FEATURE_MAP_2560X1440_60FPS" value="true" hdr="true" hdr10="false" snapshot-support="true" snapshot-size="4000x2252" vdis="false" super-vdis="false" effect="false" object-tracking="true" seamless-zoom-support="true" physical-zoom-supported="false" external-storage-support="true" supported-mode="video,pro_video"/>
    <local name="BACK_CAMCORDER_RESOLUTION_FEATURE_MAP_2400X1080" value="true" hdr="true" hdr10="false" snapshot-support="true" snapshot-size="4000x1868" vdis="true" super-vdis="true" effect="true" object-tracking="true" seamless-zoom-support="true" physical-zoom-supported="false" external-storage-support="true" supported-mode="video,pro_video"/>
    <local name="BACK_CAMCORDER_RESOLUTION_FEATURE_MAP_1920X1440" value="true" hdr="true" hdr10="false" snapshot-support="true" snapshot-size="4000x3000" vdis="true" super-vdis="true" effect="true" object-tracking="true" seamless-zoom-support="true" physical-zoom-supported="false" external-storage-support="true" supported-mode="video,pro_video"/>
    <local name="BACK_CAMCORDER_RESOLUTION_FEATURE_MAP_1920X1080" value="true" hdr="true" hdr10="true" snapshot-support="true" snapshot-size="4000x2252" vdis="true" super-vdis="true" effect="true" object-tracking="true" seamless-zoom-support="true" physical-zoom-supported="false" external-storage-support="true" supported-mode="video,pro_video"/>
    <local name="BACK_CAMCORDER_RESOLUTION_FEATURE_MAP_1920X1080_60FPS" value="true" hdr="true" hdr10="false" snapshot-support="true" snapshot-size="4000x2252" vdis="false" super-vdis="false" effect="false" object-tracking="true" seamless-zoom-support="true" physical-zoom-supported="false" external-storage-support="true" uw-support="false" supported-mode="video,pro_video"/>
    <local name="BACK_CAMCORDER_RESOLUTION_FEATURE_MAP_1440X1440" value="true" hdr="true" hdr10="false" snapshot-support="true" snapshot-size="2992x2992" vdis="true" super-vdis="true" effect="true" object-tracking="true" seamless-zoom-support="true" physical-zoom-supported="false" external-storage-support="true" supported-mode="video,pro_video"/>
    <local name="BACK_CAMCORDER_RESOLUTION_FEATURE_MAP_1280X720" value="true" hdr="true" hdr10="true" snapshot-support="true" snapshot-size="4000x2252" vdis="true" super-vdis="true" effect="true" object-tracking="true" seamless-zoom-support="true" physical-zoom-supported="false" external-storage-support="true" supported-mode="video,pro_video"/>
    <local name="BACK_CAMCORDER_RESOLUTION_FEATURE_MAP_3840X2160_24FPS" value="true" hdr="true" hdr10="false" snapshot-support="true" snapshot-size="4000x2252" vdis="false" super-vdis="false" effect="true" object-tracking="true" seamless-zoom-support="true" physical-zoom-supported="false" external-storage-support="true" supported-mode="pro_video"/>
    <local name="BACK_CAMCORDER_RESOLUTION_FEATURE_MAP_1920X1080_24FPS" value="true" hdr="true" hdr10="false" snapshot-support="true" snapshot-size="4000x2252" vdis="false" super-vdis="false" effect="true" object-tracking="true" seamless-zoom-support="true" physical-zoom-supported="false" external-storage-support="true" supported-mode="pro_video"/>
    <local name="BACK_CAMCORDER_RESOLUTION_FEATURE_MAP_1920X1080_120FPS" value="true" hdr="true" hdr10="false" snapshot-support="true" snapshot-size="4000x2252" vdis="false" super-vdis="false" effect="false" object-tracking="true" seamless-zoom-support="true" physical-zoom-supported="false" external-storage-support="true" supported-mode="pro_video,slow_motion"/>
    <local name="BACK_CAMCORDER_RESOLUTION_FEATURE_MAP_640X480" value="true" hdr="true" hdr10="false" snapshot-support="true" snapshot-size="4000x3000" vdis="true" super-vdis="true" effect="true" object-tracking="true" seamless-zoom-support="true" physical-zoom-supported="false" external-storage-support="true"/>
    <local name="BACK_CAMCORDER_RESOLUTION_FEATURE_MAP_176X144" value="true"/>

    <!-- Recording resolution - FRONT -->
    <local name="FRONT_CAMERA_RECORDING_DEFAULT_RESOLUTION" value="1920x1080"/>
    <local name="FRONT_CAMERA_RECORDING_MIN_RESOLUTION" value="1280x720"/>
    <local name="FRONT_CAMCORDER_RESOLUTION_FEATURE_MAP_3840X2160" value="true" hdr="true" hdr10="false" snapshot-support="true" snapshot-size="4000x2250" vdis="true" super-vdis="true" effect="true" object-tracking="true" external-storage-support="true" supported-mode="video,pro_video"/>
    <local name="FRONT_CAMCORDER_RESOLUTION_FEATURE_MAP_2560X1440" value="true" hdr="true" hdr10="false" snapshot-support="true" snapshot-size="4000x2250" vdis="true" super-vdis="true" effect="true" object-tracking="true" seamless-zoom-support="true" physical-zoom-supported="false" external-storage-support="true" supported-mode="video,pro_video"/>
    <local name="FRONT_CAMCORDER_RESOLUTION_FEATURE_MAP_2560X1440_60FPS" value="true" hdr="true" hdr10="false" snapshot-support="true" snapshot-size="4000x2250" vdis="false" super-vdis="false" effect="false" object-tracking="true" seamless-zoom-support="true" physical-zoom-supported="false" external-storage-support="true" supported-mode="video,pro_video"/>
    <local name="FRONT_CAMCORDER_RESOLUTION_FEATURE_MAP_2400X1080" value="true" hdr="true" hdr10="false" snapshot-support="true" snapshot-size="4000x1800" vdis="true" super-vdis="true" effect="true" object-tracking="true" external-storage-support="true" supported-mode="video,pro_video"/>
    <local name="FRONT_CAMCORDER_RESOLUTION_FEATURE_MAP_1920X1440" value="true" hdr="true" hdr10="false" snapshot-support="true" snapshot-size="4000x3000" vdis="true" super-vdis="true" effect="true" object-tracking="true" external-storage-support="true" supported-mode="video,pro_video"/>
    <local name="FRONT_CAMCORDER_RESOLUTION_FEATURE_MAP_1920X1080" value="true" hdr="true" hdr10="true" snapshot-support="true" snapshot-size="4000x2250" vdis="true" super-vdis="true" effect="true" object-tracking="true" external-storage-support="true" supported-mode="video,pro_video"/>
    <local name="FRONT_CAMCORDER_RESOLUTION_FEATURE_MAP_1920X1080_60FPS" value="true" hdr="true" hdr10="false" snapshot-support="true" snapshot-size="4000x2250" vdis="false" super-vdis="false" effect="false" object-tracking="true" external-storage-support="true" supported-mode="video,pro_video"/>
    <local name="FRONT_CAMCORDER_RESOLUTION_FEATURE_MAP_1920X1080_120FPS" value="true" hdr="true" hdr10="false" snapshot-support="true" snapshot-size="4000x2250" vdis="false" super-vdis="false" effect="false" object-tracking="true" external-storage-support="true" supported-mode="pro_video,slow_motion"/>
    <local name="FRONT_CAMCORDER_RESOLUTION_FEATURE_MAP_1440X1440" value="true" hdr="true" hdr10="false" snapshot-support="true" snapshot-size="2992x2992" vdis="true" super-vdis="true" effect="true" object-tracking="true" external-storage-support="true" supported-mode="video,pro_video"/>
    <local name="FRONT_CAMCORDER_RESOLUTION_FEATURE_MAP_1280X720" value="true" hdr="true" hdr10="true" snapshot-support="true" snapshot-size="4000x2250" vdis="true" super-vdis="true" effect="true" object-tracking="true" external-storage-support="true" supported-mode="video,pro_video"/>
    <local name="FRONT_CAMCORDER_RESOLUTION_FEATURE_MAP_3840X2160_24FPS" value="true" hdr="true" hdr10="false" snapshot-support="true" snapshot-size="4000x2250" vdis="false" super-vdis="false" effect="true" object-tracking="true" external-storage-support="true" supported-mode="pro_video"/>
    <local name="FRONT_CAMCORDER_RESOLUTION_FEATURE_MAP_1920X1080_24FPS" value="true" hdr="true" hdr10="false" snapshot-support="true" snapshot-size="4000x2250" vdis="false" super-vdis="false" effect="true" object-tracking="true" external-storage-support="true" supported-mode="pro_video"/>
    <local name="FRONT_CAMCORDER_RESOLUTION_FEATURE_MAP_640X480" value="true" hdr="true" hdr10="false" snapshot-support="true" snapshot-size="4000x3000" vdis="true" super-vdis="true" effect="true" object-tracking="true" external-storage-support="true"/>
    <local name="FRONT_CAMCORDER_RESOLUTION_FEATURE_MAP_176X144" value="true"/>

    <!-- Representative Camcorder Resolution -->
    <local name="REPRESENTATIVE_CAMCORDER_RESOLUTION_FOR_1_1_RATIO" value="1440x1440"/>
    <local name="REPRESENTATIVE_CAMCORDER_RESOLUTION_FOR_FULL_RATIO" value="2400x1080"/>

    <!-- Thermistor Temperature - Only JPN used -->
    <local name="FLASH_OVERHEAT_LIMITATION_TEMP" value="490" />

    <!-- Quick launch features -->
    <local name="CAMERA_QUICK_LAUNCH_USING_POWER_KEY" value="true"/>

    <!-- Multi-camera features -->
    <local name="SUPPORT_WIDE_LENS_CORRECTION" value="true"/>
    <local name="BACK_WIDE_CAMERA_ID" value="2"/>
    <local name="BACK_MACRO_CAMERA_ID" value="54"/>
    <local name="FRONT_CROP_FOV_CAMERA_ID" value="3"/>
    <local name="SUPPORT_RECORDING_LENS_CHANGE" value="true"/>

    <!-- Zoom features -->
    <local name="DEFAULT_MAX_ZOOM_VALUE" value="1000" />
    <local name="SUPPORT_DIGITAL_TELE_ZOOM" value="true" />
    <local name="SUPPORT_SENSOR_CROP" value="true"/>

    <!-- VI features -->
    <local name="SUPPORT_SEAMLESS_LENS_CHANGE_VI" value="true" />
    <local name="TRANSITION_SCALE_FACTOR_WIDE_TO_NORMAL" value="1.9f" />
    <local name="TRANSITION_NORMAL_TO_WIDE_ANIMATION_DURATION" value="150" />
    <local name="TRANSITION_WIDE_TO_NORMAL_ANIMATION_DURATION" value="150" />	

    <!-- Shutter LP features -->
    <local name="SUPPORT_TAP_AND_HOLD_CAMERA_BUTTON" value="true" />

    <!-- Scene optimizer -->
    <local name="SUPPORT_SCENE_OPTIMIZER" value="true" />
    
    <!-- Lens dirty detection -->
    <local name="SUPPORT_LENS_DIRTY_DETECTION" value="true" />
    
    <!-- Live focus & bokeh -->
    <local name="SUPPORT_LIVE_FOCUS_TORCH_FLASH" value="true"/>
    <local name="SUPPORT_LIVE_FOCUS_HDR_CAPTURE" value="true"/>
    <local name="SUPPORT_DUAL_BOKEH_EFFECT" value="false"/>
    <local name="SUPPORT_BACK_DUAL_PORTRAIT" value="true"/>
    <local name="SUPPORT_SINGLE_BOKEH_EFFECT" value="true"/>
    <local name="SUPPORT_BOKEH_FOCUSED_REGION" value="true"/>
    <local name="SUPPORT_VIDEO_BOKEH_EFFECT" value="true"/>
    <local name="SUPPORT_LIVE_FOCUS_VIDEO_BEAUTY" value="true"/>
    <local name="SUPPORT_CONTROL_VIDEO_BOKEH_EFFECT_IN_RECORDING" value="true"/>

    <!-- Night features -->
    <local name="SUPPORT_NIGHT_MODE_FRONT_ANGLE" value="true" />
    <local name="SUPPORT_NIGHT_MODE_REAR_LENS" value="true" />
    <local name="SUPPORT_NIGHT_MODE_ZOOM" value="true" />

    <!-- Composition guide -->
    <local name="SUPPORT_COMPOSITION_GUIDE" value="true" />

    <!-- Live Beauty features -->
    <local name="SUPPORT_LIVE_BEAUTY_IN_AUTO_MODE" value="true"/>
    <local name="SUPPORT_LIVE_BEAUTY_MANUAL_RESHAPE" value="true"/>
    <local name="SUPPORT_LIVE_BEAUTY_SHAPE_CORRECTION" value="true"/>
    <local name="SUPPORT_BEAUTY_BRIGHTEN" value="true"/>

    <!-- temporary enable for QC -->
    <local name="SUPPORT_SAVE_AS_FLIPPED_IN_MEDIA_RECORDER" value="true" />

    <!-- HEIF format -->
    <local name="SUPPORT_HEIF_FORMAT" value="true"/>

    <local name="SUPPORT_RECORDING_MULTI_MIC_ZOOM_FOCUS" value="true"/>

    <local name="DISPLAY_CUTOUT_ANIMATION_INFO" num-of-display-cutout="1" display-cutout-0-type="0" display-cutout-0-left="160" display-cutout-0-top="0" display-cutout-0-right="200" display-cutout-0-bottom="37"/>
    <local name="DISPLAY_CUTOUT_POSITION" value="1" />

    <!-- Auto Framing -->
    <local name="SUPPORT_VIDEO_AUTO_FRAMING" value="true" />
    <local name="SUPPORT_BACK_VIDEO_AUTO_FRAMING" value="true" />
    <local name="SUPPORT_FRONT_VIDEO_AUTO_FRAMING" value="true" />
    
    <!-- Hyperlapse Feature -->
    <local name="SUPPORT_HYPER_LAPSE_UHD" value="false"/>
    <local name="SUPPORT_HYPER_LAPSE_NIGHT_AUTO" value="true"/>
    <local name="SUPPORT_HYPER_LAPSE_SEAMLESS_ZOOM" value="true"/>
    <local name="SUPPORT_FRONT_HYPER_LAPSE_NIGHT" value="true"/>
    <local name="SUPPORT_HYPER_LAPSE_ASTROGRAPHY" value="true"/>

    <!-- VDIS+Tracking AF -->
    <local name="SUPPORT_VIDEO_STABILIZATION_WITH_TRACKING_AF" value="true"/>

    <local name="SUPPORT_FILTER_COMBINE" value="true"/>
    <local name="SUPPORT_MY_FILTER" value="true"/>

    <local name="CAMERA_SUPPORT_PICTURE_FORMAT" value="true"/>

    <local name="SUPPORT_ZOOM_SHORTCUT_WITH_LENS_BUTTON" value="true"/>

    <local name="SUPPORT_OBJECT_TRACKING_AF" value="false"/>

    <local name="SUPPORT_EXPAND_SHUTTER_SPEED" value="true"/>
	
    <local name="MOTION_PHOTO_RECORDING_FPS" value="30"/>

    <local name="SUPPORT_VIDEO_STABILISATION_MENU_IN_SETTING" value="true"/>

    <local name="SUPPORT_PHOTO_NIGHT" value="true"/>
    
    <local name="SUPPORT_MACRO_NUDGE" value="true"/>

    <local name="SUPPORT_SWITCH_FACING_WHILE_RECORDING" value="true"/>

    <local name="SUPPORT_SELFIE_TONE_MODE" value="true"/>

    <local name="SUPPORT_VIDEO_AUTO_FPS" value="true"/>

    <local name="SUPPORT_QUICK_TAKE" value="true"/>

    <local name="SUPPORT_VDIS_CENTER_CROP_FOR_PREVIEW_RECORDING" value="true"/>
	
    <local name="SUPPORT_PHOTO_NIGHT" value="true"/>

    <local name="SUPPORT_NIGHT_CAPTURE_STOP" value="true"/>
	
    <local name="SUPPORT_NIGHT_BEAUTY" value="true"/>

    <local name="SUPPORT_ZOOM_MAP_VIEW" value="true"/>

    <local name="DELAY_TIME_TO_RESUME_WHEN_SWITCH_FACING_WHILE_RECORDING" value="100"/>

    <local name="SUPPORT_LIVE_FOCUS_SCENE_DETECTION_MODE" value="true"/>

    <local name="SUPPORT_SMART_SCAN_MANUAL_CROP" value="true"/>

    <local name="SUPPORT_SMART_SCAN_EXTRACT_TEXT" value="true"/>

    <local name="SUPPORT_DOCUMENT_SCAN_NEW_CONCEPT" value="true"/>

    <local name="SHOW_PAUSED_PREVIEW_TO_RESUME_CAMERA" value="true"/>

    <local name="SUPPORT_CLOSE_UP_SUGGESTION" value="true"/>

    <local name="KEEP_CHANGED_EV_AFTER_ZOOM" value="true"/>

    <local name="SUPPORT_QUICK_SHUTTER" value="true"/>

    <local name="SUPPORT_SUPER_SLOW_MOTION_AUTO_DETECTION" value="false"/>

    <local name="SUPER_SLOW_MOTION_MAX_FRC_TIME" value="800"/>

    <local name="SUPPORT_UNLIMITED_VIDEO_FILE_SIZE" value="true"/>

    <local name="SUPPORT_TRUE_HDR" value="true"/>

    <local name="SUPPORT_BACK_TRUE_HDR" value="true"/>

    <local name="SUPPORT_FRONT_TRUE_HDR" value="true"/>

    <local name="SUPPORT_VIDEO_HDR" value="true"/>

    <local name="SUPPORT_3HDR_RECORDING" value="true"/>

    <local name="SUPPORT_AUTO_HDR_MENU" value="true"/>

    <!-- new pro/pro video features -->
    <local name="SUPPORT_PRO_AE_PRIORITY_MODE" value="true"/>
    <local name="SUPPORT_HISTOGRAM" value="true"/>
    <local name="SUPPORT_PRO_VIDEO_ZOOM_ROCKER" value="true"/>
    <local name="SUPPORT_PRO_VIDEO_FOCUS_PEAKING" value="true"/>
    <local name="SUPPORT_PRO_VIDEO_AUDIO_INPUT_CONTROL" value="true"/>
    <local name="SUPPORT_PRO_VIDEO_AUDIO_BLUETOOTH_MIX_MIC" value="true"/>
    <local name="SUPPORT_PRO_VIDEO_WIDE_LENS_60FPS" value="true"/>
    <local name="SUPPORT_PRO_VIDEO_WIDE_LENS_120FPS" value="true"/>
    
    <local name="SUPPORT_BACK_WIDE_PRO" value="true"/>

    <local name="MAX_BURST_CAPTURE_COUNT" value="1000" />

    <local name="SUPPORT_HDR10_PLUS_RECORDING" value="false"/>

    <!-- single take features -->
    <local name="SINGLE_TAKE_CAPTURE_INTERVAL" value="300"/>
    <local name="SINGLE_TAKE_USING_CONTINUOUS_AF" value="true"/>
    <local name="SINGLE_TAKE_USING_SINGLE_LENS_ONLY" value="true"/>
    <local name="SUPPORT_SINGLE_TAKE_BURST_CAPTURE" value="true"/>
    <local name="SUPPORT_SINGLE_TAKE_DYNAMIC_SLOW_MO" value="true"/>
    <local name="SUPPORT_SINGLE_TAKE_EXTENDED_CAPTURE" value="true"/>
    <local name="SUPPORT_SINGLE_TAKE_FILTERED_VIDEOS" value="true"/>
    <local name="SUPPORT_SINGLE_TAKE_HIGHLIGHT_VIDEOS" value="true"/>
    <local name="SUPPORT_SINGLE_TAKE_MULTI_CAMERA" value="true"/>
    <local name="SUPPORT_VDIS_IN_SINGLE_TAKE" value="true"/>

    <!-- directors view features -->
    <local name="SUPPORT_DIRECTORS_VIEW_VDIS" value="true"/>
    <local name="SUPPORT_DIRECTORS_VIEW_SAVE_OPTION" value="true"/>
    <local name="SUPPORT_DIRECTORS_VIEW_PIP_SIZE_CONTROL" value="true"/>

    <!-- post processing features -->
    <local name="SUPPORT_POST_PICTURE_PROCESSING" value="true"/>
    <local name="SUPPORT_POST_PROCESSING_MOTION_PHOTO" value="true"/>
    <local name="SUPPORT_POST_PROCESSING_NIGHT_SHOT" value="true"/>
    <local name="SUPPORT_POST_PROCESSING_MAX_NIGHT_SHOT" value="true"/>
    <local name="SUPPORT_FORCED_SHOT_INTERVAL_FOR_BACK_HIGH_RESOLUTION" value="true"/>

    <local name="SUPPORT_DISPLAY_FRAME_RATE_60HZ" value="true"/>

    <local name="SUPPORT_NIGHT_CIRCLE_SCREEN_FLASH" value="true"/>

    <local name="SUPPORT_DEFAULT_HEVC" value="true"/>
    <local name="SUPPORT_VIDEO_HIGH_BITRATE" value="true"/>
    <local name="SUPPORT_VIDEO_AUTO_FPS_OPTION" value="true"/>
    <local name="SUPPORT_HIGH_RESOLUTION_SHUTTER_VI" value="true"/>

    <local name="SUPPORT_QUICK_VIEW_SCALE_VI" value="true"/>

    <!-- camera assistant features -->
    <local name="SUPPORT_CAMERA_ASSISTANT" value="true"/>
    <local name="SUPPORT_CAMERA_ASSISTANT_ADAPTIVE_PIXEL" value="true"/>
    <local name="SUPPORT_CAMERA_ASSISTANT_ANAMORPHIC_LENS" value="true"/>
    <local name="SUPPORT_CAMERA_ASSISTANT_AUDIO_MONITORING" value="true"/>
    <local name="SUPPORT_CAMERA_ASSISTANT_AUTO_LENS_SWITCHING" value="true"/>
    <local name="SUPPORT_CAMERA_ASSISTANT_CROP_ZOOM_X2" value="false"/>
    <local name="SUPPORT_CAMERA_ASSISTANT_CROP_ZOOM_X10" value="false"/>
    <local name="SUPPORT_CAMERA_ASSISTANT_DIGITAL_ZOOM_UPSCALE" value="false"/>
    <local name="SUPPORT_CAMERA_ASSISTANT_DOF_ADAPTER" value="true"/>
	<local name="SUPPORT_CAMERA_ASSISTANT_ZOOM_X100" value="false"/>

    <!-- FOR A73 5G ONLY - MODDED BY @ngdplnk -->
    <!-- SPECIAL THANKS TO @utkustnr -->

</resources>
